IP,202406240139,202406240140,202406240141,202406240145,202406240150,202406240155,202406240200,202406240205,202406240210,202406240215,202406240220,202406240225,202406240230,202406240235,202406240240,202406240245,202406240250,202406240255,202406240300,202406240305,202406240310,202406240315,202406240320,202406240325,202406240330,202406240335,202406240340,202406240345,202406240350,202406240355,202406240400,202406240405,202406240410,202406240415,202406240420,202406240425,202406240430,202406240435,202406240440,202406240445,202406240450,202406240455,202406240500,202406240505,202406240510,202406240515,202406240520,202406240525,202406240530,202406240535,202406240540,202406240545,202406240550,202406240555,202406240600,202406240605,202406240610,202406240615,202406240620,202406240625,202406240630,202406240635,202406240640,202406240645,202406240650,202406240655,202406240700,202406240705,202406240710,202406240715,202406240720,202406240725,202406240730,202406240735,202406240740,202406240745,202406240750,202406240755,202406240800,202406240805,202406240810,202406240815,202406240820,202406240825,202406240830,202406240835,202406240840,202406240845,202406240850,202406240855,202406240900,202406240905,202406240910,202406240915,202406240920,202406240925,202406240930,202406240935
10.126.219.5,141866,141866,141866,141866,141866,141866,141866,141866,141866,141866,141866,141866,141866,141866,141866,141866,141866,141866,141866,141866,141866,141866,141866,141866,141866,141866,141866,141866,141866,141866,141866,141866,141866,141866,141866,141866,141866,141866,141866,141866,141866,141866,141866,141866,141866,141866,141866,141866,141866,141866,141866,141866,141866,141866,141866,141866,141866,141866,141866,141866,141866,141866,141866,141866,141866,141866,141866,141866,141866,141866,141866,141866,141866,141866,141866,141866,141866,141866,141866,141866,141866,141866,141866,141866,141866,141866,141866,141866,142574,142574,142574,142574,142574,143205,143205,143205,143205
10.126.219.4,447733,447733,447733,447733,447733,447733,447733,447733,447733,447733,447733,447733,447733,447733,447733,447733,447733,447733,447733,447733,447733,447733,447733,447733,447733,447733,447733,447733,447733,447733,447733,447733,447733,447733,447733,447733,447733,447733,447733,447733,447733,447733,447733,447733,447733,447733,447733,447733,447733,447733,447733,447733,447733,447733,447733,447733,447733,447733,447733,447733,447733,447733,447733,447733,447733,447733,447733,447733,447733,447733,447733,447733,447733,447733,447733,447733,447733,447733,447733,447733,447733,447733,447733,447733,447733,447733,447733,447733,447733,447733,447733,447733,447733,447733,447733,447733,447733,447733
10.126.219.213,738780,738780,738780,738780,738780,738780,738780,738780,738780,738780,738780,738780,738780,738780,738780,738780,738780,738780,738780,738780,738780,738780,738780,738780,738780,738780,738780,738780,738780,738780,738780,738780,738780,738780,738780,738780,738780,738780,738780,738780,738780,738780,738780,738780,738780,738780,738780,738780,738780,738780,738780,738780,738780,738780,738780,738780,738780,738780,738780,738780,738780,738780,738780,738780,738780,738780,738780,738780,738780,738780,738780,738780,738780,738780,738780,738780,738780,738780,738780,738780,738780,738780,738780,738780,738780,738780,738780,738780,738780,738780,738780,738780,738780,738780,738780,738780,738780,738780
10.126.219.214,4,4,4,4,4,4,4,4,4,4,4,4,4,4,4,4,4,4,4,4,4,4,4,4,4,4,4,4,4,4,4,4,4,4,4,4,4,4,4,4,4,4,4,4,4,4,4,4,4,4,4,4,4,4,4,4,4,4,4,4,4,4,4,4,4,4,4,4,4,4,4,4,4,4,4,4,4,4,4,4,4,4,4,4,4,4,4,4,4,4,4,4,4,4,4,4,4,4
10.126.220.50,3077,3077,3077,3077,3077,3077,3077,3077,3077,3077,3077,3077,3077,3077,3077,3077,3077,3077,3077,3077,3077,3077,3077,3077,3077,3077,3077,3077,3077,3077,3077,3077,3077,3077,3077,3077,3077,3077,3077,3077,3077,3077,3077,3077,3077,3077,3077,3077,3077,3077,3077,3077,3077,3077,3077,3077,3077,3077,3077,3077,3077,3077,3077,3077,3077,3077,3077,3077,3077,3077,3077,3077,3077,3077,3077,3077,3077,3077,3077,3077,3077,3077,3077,3077,3077,3077,3077,3077,3077,3077,3077,3077,3077,3077,3077,3077,3077,3077
10.126.219.133,747,748,748,748,749,750,750,752,752,754,755,756,756,757,757,757,757,757,757,757,758,758,758,758,758,759,759,759,759,760,760,761,762,762,762,763,763,764,764,765,766,766,767,767,768,770,770,772,772,776,777,777,777,777,779,779,781,783,785,786,787,787,788,789,790,791,791,794,795,797,798,798,799,800,803,803,808,808,808,809,815,817,818,818,820,822,823,827,827,831,834,836,838,841,841,842
10.126.219.245,1016,1016,1016,1016,1016,1016,1016,1016,1016,1016,1016,1016,1016,1016,1016,1016,1016,1016,1016,1016,1016,1016,1016,1016,1016,1016,1016,1016,1016,1016,1016,1016,1016,1016,1016,1016,1016,1016,1016,1016,1016,1016,1016,1016,1016,1016,1016,1016,1016,1016,1016,1016,1016,1016,1016,1016,1016,1016,1016,1016,1016,1016,1016,1016,1016,1016,1016,1016,1016,1016,1016,1016,1016,1016,1016,1016,1016,1016,1016,1016,1016,1016,1016,1016,1016,1016,1016,1016,1016,1016,1016,1016,1016,1016,1016,1016,1016,1016
10.126.219.3,3445280342,3445280342,3445280342,3445280342,3445280342,3445280342,3445280342,3445280342,3445280342,3445280342,3445280342,3445280342,3445280342,3445280342,3445280342,3445280342,3445280342,3445280342,3445280342,3445280342,3445280342,3445280342,3445280342,3445280342,3445280342,3445280342,3445280342,3445280342,3445280342,3445280342,3445280342,3445280342,3445280342,3445280342,3445280342,3445280342,3445280342,3445280342,3445280342,3445280342,3445280342,3445280342,3445280342,3445280342,3445280342,3445280342,3445280342,3445280342,3445280342,3445280342,3445280342,3445280342,3445280342,3445280342,3445280342,3445280342,3445280342,3445280342,3445280342,3445280342,3445280342,3445280342,3445280342,3445280342,3445280342,3445280342,3445280342,3445280342,3445280342,3445280342,3445280342,3445280342,3445280342,3445280342,3445280342,3445280342,3445280342,3445280342,3445280342,3445280342,3445280342,3445280342,3445280342,3445280342,3445280342,3445280342,3445280342,3445280342,3445280342,3445280342,3445280342,3445280342,3445280342,3445280342,3445280342,3445280342,3445280342,3445280342
10.126.219.130,3060,3060,3060,3060,3060,3060,3060,3060,3060,3060,3060,3060,3060,3060,3060,3060,3060,3060,3060,3060,3060,3060,3060,3060,3060,3060,3060,3060,3060,3060,3060,3060,3060,3060,3060,3060,3060,3060,3060,3060,3060,3060,3060,3060,3060,3060,3060,3060,3060,3060,3060,3060,3060,3060,3060,3060,3060,3060,3060,3060,3060,3060,3060,3060,3060,3060,3060,3060,3060,3061,3061,3061,3061,3062,3062,3062,3062,3062,3062,3063,3063,3063,3063,3063,3063,3063,3063,3063,3063,3064,3064,3064,3064,3064,3064,3064,3064,3064
10.126.220.34,13,13,13,13,13,13,13,13,13,13,13,13,13,13,13,13,13,13,13,13,13,13,13,13,13,13,13,13,13,13,13,13,14,14,14,14,14,14,14,14,14,14,14,14,14,14,14,14,14,14,14,14,14,14,14,14,14,14,14,14,14,14,14,14,14,14,14,14,14,14,14,14,14,14,14,14,14,14,14,14,14,14,14,14,14,14,14,14,14,14,14,14,14,14,14,14,14,14
10.126.220.178,19,19,19,19,19,19,19,19,19,19,19,19,19,19,19,19,19,19,19,19,19,19,19,19,19,19,19,19,19,19,19,19,19,19,19,19,19,19,19,19,19,19,19,19,19,19,19,19,19,19,19,19,19,19,19,19,19,19,19,19,19,19,19,20,20,20,20,20,20,20,20,20,20,20,20,20,20,20,20,20,20,20,21,21,21,21,21,21,21,21,21,21,21,21,21,21,21,22
10.126.220.37,281434,281434,281434,281434,281434,281434,281434,281434,281434,281434,281434,281434,281434,281434,281434,281434,281434,281434,281434,281434,281434,281434,281434,281434,281434,281434,281434,281434,281434,281434,281434,281434,281434,281434,281434,281434,281434,281434,281434,281434,281434,281434,281434,281434,281434,281434,281434,281434,281434,281434,281434,281434,281434,281434,281434,281434,281434,281434,282801,282801,282801,282801,282801,282801,282801,282801,282801,282801,282801,283569,283569,283569,283569,283569,283569,283569,283569,283569,283569,283569,284725,284725,284725,284725,284725,284725,284725,284725,284725,284725,284725,285409,285409,285409,285409,285409,285409,285409
10.126.220.195,1219765,1219765,1219765,1219765,1219765,1219765,1219765,1219765,1219765,1219765,1219765,1219765,1219765,1219765,1219765,1219765,1219765,1219765,1219765,1219765,1219765,1219765,1219765,1219765,1219765,1219765,1219765,1219765,1219765,1219765,1219765,1219765,1219765,1219765,1219765,1219765,1219765,1219765,1219765,1219765,1219765,1219765,1219765,1219765,1219765,1219765,1219765,1219765,1219765,1219765,1219765,1219765,1219765,1219765,1219765,1219765,1219765,1219765,1219765,1219765,1219765,1219765,1219765,1219765,1219765,1219765,1219765,1219765,1219765,1219765,1219765,1219765,1219765,1219765,1219765,1219765,1219765,1219765,1219765,1219765,1219765,1219765,1219765,1219765,1219765,1219765,1219765,1219765,1219765,1219765,1219765,1219765,1219765,1219765,1219765,1219765,1219765,1219765
10.126.219.164,16485,16485,16485,16485,16486,16486,16486,16486,16486,16486,16486,16486,16486,16486,16486,16486,16486,16486,16486,16486,16486,16486,16486,16486,16486,16486,16486,16486,16486,16486,16486,16487,16487,16487,16487,16487,16487,16487,16487,16487,16487,16487,16487,16487,16487,16487,16487,16487,16487,16487,16487,16487,16488,16488,16488,16488,16489,16489,16489,16489,16489,16489,16489,16489,16489,16490,16490,16490,16490,16490,16491,16491,16491,16491,16491,16491,16492,16492,16492,16493,16494,16494,16494,16495,16495,16495,16495,16495,16495,16495,16495,16495,16496,16496,16496,16496,16496,16496
10.126.220.194,624016,624016,624016,624016,624016,624016,624016,624016,624016,624016,624016,624016,624016,624016,624016,624016,624016,624016,624016,624016,624016,624016,624016,624016,624016,624016,624016,624016,624016,624016,624016,624016,624016,624016,624016,624016,624016,624016,624016,624016,624016,624016,624016,624016,624016,624016,624016,624016,624016,624016,624016,624016,624016,624016,624016,624016,624016,624016,624016,624016,624016,624016,624016,624016,624016,624016,624016,624016,624016,624016,624016,624016,624016,624016,624016,624016,624016,624016,624016,624016,624016,624016,624016,624016,624016,624016,624016,624016,624016,624016,624016,624016,624016,624016,624016,624016,624016,624016
10.126.219.219,209313,209313,209313,209313,209313,209313,209313,209313,209313,209313,209313,209313,209313,209313,209313,209313,209313,209313,209313,209313,209313,209313,209313,209313,209313,209313,209313,209313,209313,209313,209313,209313,209313,209313,209313,209313,209313,209313,209313,209313,209313,209313,209313,209313,209313,209313,209313,209313,209313,209313,209313,209313,209313,209313,209313,209313,209313,209313,209313,209313,209313,209313,209313,209313,209313,209313,209313,209313,209313,209313,209313,209313,209313,209313,209313,209313,209313,209313,209313,209313,209313,209313,209313,209313,209313,209313,209313,209313,209313,209313,209313,209313,209313,209313,209313,209313,209313,209313
10.126.219.217,5,5,5,5,5,5,5,5,5,5,5,5,5,5,5,5,5,5,5,5,5,5,5,5,5,5,5,5,5,5,5,5,5,5,5,5,5,5,5,5,5,5,5,5,5,5,5,5,5,5,5,5,5,5,5,5,5,5,5,5,5,5,5,5,5,5,5,5,5,5,5,5,5,5,5,5,5,5,5,5,5,5,5,5,5,5,5,5,5,5,5,5,5,5,5,5,5,5
10.126.219.199,711661,711661,711661,711661,711661,711661,711661,711661,711661,711661,711661,711661,711661,711661,711661,711661,711661,711661,711661,711661,711661,711661,711661,711661,711661,711661,711661,711661,711661,711661,711661,711661,711661,711661,711661,711661,711661,711661,711661,711661,711661,711661,711661,711661,711661,711661,711661,711661,711661,711661,711661,711661,711661,711661,711661,711661,711661,711661,711661,711661,711661,711661,711661,711661,711661,711661,711661,711661,711661,711661,711661,711661,711661,711661,711661,711661,711661,711661,711661,711661,711661,711661,711661,711661,711661,711661,711661,711661,711661,711661,711661,711661,711661,715645,715645,716050,716050,716050
10.126.219.51,142129,142129,142129,142129,142129,142129,142129,142129,142129,142129,142129,142129,142129,142129,142129,142129,142129,142129,142129,142129,142129,142129,142129,142129,142129,142129,142129,142129,142129,142129,142129,142129,142129,142129,142129,142129,142129,142129,142129,142129,142129,142129,142129,142129,142129,142129,142129,142129,142129,142129,142129,142129,142129,142129,142129,142129,142129,142129,142129,142129,142129,142129,142129,142129,142129,142129,142129,142129,142129,142129,142129,142129,142129,142129,142129,142129,142129,142129,142129,142129,142129,142129,142129,142129,142129,142129,142129,142129,142129,142129,142129,142129,142129,142129,142129,142129,142129,142129
10.126.219.11,14052,14052,14052,14052,14052,14052,14052,14052,14052,14052,14052,14052,14052,14052,14052,14052,14052,14052,14052,14052,14052,14052,14052,14052,14052,14052,14052,14052,14052,14052,14052,14052,14052,14052,14052,14052,14052,14052,14052,14052,14052,14052,14052,14052,14052,14052,14052,14052,14052,14052,14052,14052,14052,14052,14052,14052,14052,14052,14052,14052,14052,14052,14052,14052,14052,14052,14052,14052,14052,14052,14052,14052,14052,14052,14052,14052,14052,14052,14052,14052,14052,14052,14052,14052,14052,14052,14052,14052,14052,14052,14052,14052,14052,14052,14052,14052,14052,14052
10.126.219.229,10,10,10,10,10,10,10,10,10,10,10,10,10,10,10,10,10,10,10,10,10,10,10,10,10,10,10,10,10,10,10,10,10,10,10,10,10,10,10,10,10,10,10,10,10,10,10,10,10,10,10,10,10,10,10,10,10,10,10,10,10,10,10,10,10,10,10,10,10,10,10,10,10,10,10,10,10,10,10,10,10,10,10,10,10,10,10,10,10,10,10,10,10,10,10,10,10,10
10.126.219.34,91712,91712,91712,91712,91712,91712,91712,91712,91712,91712,91712,91712,91712,91712,91712,91712,91712,91712,91712,91712,91712,91712,91712,91712,91712,91712,91712,91712,91712,91712,91712,91712,91712,91712,91712,91712,91712,91712,91712,91712,91712,91712,91712,91712,91712,91712,91712,91712,91712,91712,91712,91712,91712,91712,91712,91712,91712,91712,91712,91712,91712,91712,91712,91712,91712,91712,91712,91712,91712,91712,91712,91712,91712,91712,91712,91712,91712,91712,91712,91712,91712,91712,91712,91712,91712,91712,91712,91712,91712,91712,91712,91712,91712,91712,91712,91712,91712,91712
10.126.219.73,12352408,12352408,12352408,12352408,12352408,12352408,12352408,12352408,12352408,12352408,12352408,12352408,12352408,12352408,12352408,12352408,12352408,12352408,12352408,12352408,12352408,12352408,12352408,12352408,12352408,12352408,12352408,12352408,12352408,12352408,12352408,12352408,12352408,12352408,12352408,12352408,12352408,12352408,12352408,12352408,12352408,12352408,12352408,12352408,12352408,12352408,12352408,12352408,12352408,12352408,12352408,12352408,12352408,12352408,12352408,12352408,12352408,12352504,12352504,12352504,12352504,12352504,12352504,12352504,12352504,12352504,12352504,12352504,12352504,12352504,12352504,12352989,12352989,12352989,12352989,12352989,12352989,12352989,12352989,12352989,12352989,12352989,12352989,12352989,12352989,12353363,12353363,12353738,12353810,12353882,12354124,12355024,12356118,12357596,12358891,12360100,12362292,12363636
10.126.219.230,1083,1083,1083,1083,1083,1083,1083,1083,1083,1083,1083,1083,1083,1083,1083,1083,1083,1083,1083,1083,1083,1083,1083,1083,1083,1083,1083,1083,1083,1083,1083,1083,1083,1083,1083,1083,1083,1083,1083,1083,1083,1083,1083,1083,1083,1083,1083,1083,1083,1083,1083,1083,1083,1083,1083,1083,1083,1084,1084,1084,1084,1084,1084,1084,1084,1084,1085,1085,1085,1085,1085,1085,1085,1085,1085,1085,1085,1085,1085,1085,1085,1085,1086,1086,1086,1086,1086,1086,1086,1086,1086,1086,1086,1086,1086,1086,1086,1086
10.126.219.242,1300525,1300525,1300525,1300525,1300525,1300525,1300525,1300525,1300525,1300525,1300525,1300525,1300525,1300525,1300525,1300525,1300525,1300525,1300525,1300525,1300525,1300525,1300525,1300525,1300525,1300525,1300525,1300525,1300525,1300525,1300525,1300525,1300525,1300525,1300525,1300525,1300525,1300525,1300525,1300525,1300525,1300525,1300525,1300525,1300525,1300525,1300525,1300525,1300525,1300525,1300525,1300525,1300525,1300525,1300525,1300525,1300525,1300525,1300525,1300525,1300525,1300525,1300525,1300525,1300525,1300525,1300525,1300525,1300525,1300525,1302030,1302030,1305555,1305850,1305850,1305850,1305861,1305861,1310167,1310167,1310167,1310189,1310189,1311486,1311689,1311689,1311739,1311739,1311908,1311952,1312262,1314752,1314752,1317375,1318211,1318607,1319108,1333229
10.126.219.197,30053,30099,30099,30117,30139,30154,30168,30193,30230,30296,30313,30320,30322,30355,30389,30429,30431,30433,30440,30453,30461,30468,30484,30498,30517,30546,30558,30560,30561,30566,30578,30593,30608,30616,30633,30639,30654,30666,30684,30730,30750,30754,30767,30770,30786,30808,30835,30856,30874,30888,30905,30917,30930,30949,30970,31000,31011,31028,31049,31088,31155,31237,31345,31426,31447,31455,31489,31594,31769,31852,31868,31886,31920,31952,31998,32067,32161,32276,32449,32583,32614,32642,32669,32696,32764,32827,32909,32963,33015,33086,33170,33242,33333,33404,33499,33613,33770,33950
10.126.219.131,1555850,1555850,1555850,1555850,1555850,1555850,1555850,1555850,1555850,1555850,1555850,1555850,1555850,1555850,1555850,1555850,1555850,1555850,1555850,1555850,1555850,1555850,1555850,1555850,1555850,1555850,1555850,1555850,1555850,1555850,1555850,1555850,1555850,1555850,1555850,1555850,1555850,1555850,1555850,1555850,1555850,1555850,1555850,1555850,1555850,1555850,1555850,1555850,1555850,1555850,1555850,1555850,1555850,1555850,1555850,1555850,1555850,1555850,1555850,1555850,1555850,1555850,1555850,1555850,1555850,1555850,1555850,1555850,1555850,1555850,1555850,1555850,1555850,1555850,1555850,1555850,1555850,1555850,1555850,1555850,1555850,1555850,1555850,1555850,1555850,1555850,1555850,1555850,1555850,1555850,1555850,1555850,1555850,1555850,1555850,1555850,1555850,1555850
10.126.220.99,5852,5852,5852,5852,5852,5852,5852,5852,5852,5852,5852,5852,5852,5852,5852,5852,5852,5852,5852,5852,5852,5852,5852,5852,5852,5852,5852,5852,5852,5852,5852,5852,5852,5852,5852,5852,5852,5852,5852,5852,5852,5852,5852,5852,5852,5852,5852,5852,5852,5852,5852,5852,5852,5852,5852,5852,5852,5852,5852,5852,5852,5852,5852,5852,5852,5852,5852,5852,5852,5852,5852,5852,5852,5852,5852,5852,5852,5852,5852,5852,5852,5852,5852,5852,5852,5852,5852,5852,5852,5852,5852,5852,5852,5852,5852,5852,5852,5852
10.126.219.163,613064,613064,613064,613064,613064,613064,613064,613064,613064,613064,613064,613064,613064,613064,613064,613064,613064,613064,613064,613064,613064,613064,613064,613064,613064,613064,613064,613064,613064,613064,613064,613064,613064,613064,613064,613064,613064,613064,613064,613064,613064,613064,613064,613064,613064,613064,613064,613064,613064,613064,613064,613064,613064,613064,613064,613064,613064,613064,613064,613064,613064,613064,613064,613064,613064,613064,613064,613064,613064,613064,613064,613064,613064,613064,613064,613064,613064,613064,613064,613064,613064,613064,613064,613064,613064,613064,613064,613064,613064,613064,613064,613064,613064,613064,613064,613064,613064,613064
10.126.220.146,1,1,1,1,1,1,1,1,1,1,1,1,1,2,2,2,2,2,2,2,2,2,2,2,2,2,2,2,2,2,2,2,2,2,2,2,2,2,2,2,2,2,2,2,2,2,2,2,2,2,2,2,2,2,2,2,2,2,2,2,2,2,2,2,2,2,2,2,2,2,2,2,2,2,2,2,2,2,2,2,2,2,2,2,2,2,2,2,2,2,2,2,3,3,3,3,3,3
